two_____________,______10,FjHIguS0fUd3X37WGfhvZR9wC3MhDji5uHNg8CAwNi
four____________,______11,jde4YSvDWMx50AtGetTexweIKcnJoupy7JdRQ5TxrMd
four____________,______12,dCbOFsPpNpp2K0me2M4YK5Ws3HX595CkXYlymha1NzjuuSEohmI3B9Dz0
four____________,______13,UR8qtjvSPsc1mwUFwGrL0tVYeUF5JElNRoqZYo5GZaOnCOxx
two_____________,______14,ddwP0E4Z430ksiE0MTL5KCC7UE0Esa3TqhuUI0TYqjw9V2
four____________,_______1,wt3rGri8QscyHRzTWumndBtH2rqycProO5IOFwOSDUdjjUUG6F
four____________,_______2,u1LVAuahmfyg33G2nFsVgjTzvRHCJsXyEshQP2fcHjKkyRfeNHBZKO
nine____________,_______3,Uza2QApnF8OvlAWZkcr8Lj26SzTXBVikVHAgBZweE6iGeyUTOE13VxlMK
nine____________,_______4,1tB0WOgUp0PIdjGw11XelF3qZPq6JUyfxN5pKCBwraGUTY3
one_____________,_______5,VZp4ISw8v8MhTKpZvYTwSikoXDIut95faKcyPLcNPjH2GbhjGn6k2
eight___________,_______6,WuwyXMG5scrmjfnGCTETdwhydsWZZvhfzEqMCvM
four____________,_______7,6FFz8L1JcW1U2oXbAFN3VDYcZeygMsnU8x3wEVhEWA0UgWjD
three___________,_______8,rsSFDjGX03FbollBxtrSIYxwvOAQ6JMoITB6NHMD1WdwytutzndgP0cy
six_____________,_______9,H74cc25lNrVmMd9W0oJdK8my1t1eo77TzBzWonJj18V49BdsuzqOmidM
